<?xml version="1.0" encoding="UTF-8"?>
<AlbumList>
<AlbumID>1</AlbumID>
<title>HOV</title>
<length>3</length>
<coverImagePath>https://www.asapraockysongs.com</coverImagePath>
<releaseDate>02/02/2018</releaseDate>
<recordingCompany>Roc BOys</recordingCompany>
<pmrcRating>reallygoodrating</pmrcRating>
<numberOfTracks>23</numberOfTracks>
<albumSongs>
	<Song>
		<songID>1</songID>
		<title>Bad company</title>
		<length>3</length>
		<filepath>https://www.asapraockysongs.com</filepath>
		<releaseDate>02/02/2018</releaseDate>
		<recordDate>01/01/2017</recordDate>
		<bio>and incredible musician</bio>
		
	</Song>
</albumSongs>



</AlbumList>